name,store,price,status,stock,description
Cá»T Láº¾T HEO NHáº¬P KHáº¨U,QUÃ‚N ANH FOODS,60.000 â‚«,Tráº¡ng thÃ¡i: CÃ²n hÃ ng,60.000 â‚«,Mua Cá»T Láº¾T HEO NHáº¬P KHáº¨U á»Ÿ Ä‘Ã¢u?
Bá»™t Æ°á»›p thá»‹t xÃ¡ xÃ­u Lobo ThÃ¡i Lan,hangnhapkhaulaothailan,HÃ  Ná»™i,Tráº¡ng thÃ¡i: CÃ²n hÃ ng,HÃ  Ná»™i,Mua Bá»™t Æ°á»›p thá»‹t xÃ¡ xÃ­u Lobo ThÃ¡i Lan á»Ÿ Ä‘Ã¢u?
Máº­t mÃ­a nguyÃªn cháº¥t - Äáº¡t chá»©ng nháº­n VSATTP,NgÆ° Quá»³nh,HÃ  Ná»™i,Tráº¡ng thÃ¡i: CÃ²n hÃ ng,HÃ  Ná»™i,Mua Máº­t mÃ­a nguyÃªn cháº¥t - Äáº¡t chá»©ng nháº­n VSATTP á»Ÿ Ä‘Ã¢u?
Bá»™t sáº£ ThiÃªn ThÃ nh HÅ© 50g,SaiGon Food,TP. Há»“ ChÃ­ Minh,Tráº¡ng thÃ¡i: CÃ²n hÃ ng,TP. Há»“ ChÃ­ Minh,Mua Bá»™t sáº£ ThiÃªn ThÃ nh HÅ© 50g á»Ÿ Ä‘Ã¢u?
1kg Hoa nhÃ i khÃ´ giÃ¡ sá»‰,shopmekuthoc,HÃ  Ná»™i,Tráº¡ng thÃ¡i: CÃ²n hÃ ng,HÃ  Ná»™i,Mua 1kg Hoa nhÃ i khÃ´ giÃ¡ sá»‰ á»Ÿ Ä‘Ã¢u?
1 kg Hoa HÃ²e KhÃ´,LÃŠ THá»Š THáº¢O,HÃ  Ná»™i,Tráº¡ng thÃ¡i: CÃ²n hÃ ng,HÃ  Ná»™i,Mua 1 kg Hoa HÃ²e KhÃ´ á»Ÿ Ä‘Ã¢u?
TrÃ¢u sáº¥y 250g loáº¡i 1 nhÆ° hÃ¬nh,tienthanh90shop,LÃ o Cai,Tráº¡ng thÃ¡i: CÃ²n hÃ ng,LÃ o Cai,Mua TrÃ¢u sáº¥y 250g loáº¡i 1 nhÆ° hÃ¬nh á»Ÿ Ä‘Ã¢u?
SÃ‰T BÃNH Gáº O TOKBOKI HÃ€N QUá»C LOáº I 1 (KÃˆM Sá»T),Tokboki HÃ n Quá»‘c,HÃ  Ná»™i,Tráº¡ng thÃ¡i: CÃ²n hÃ ng,HÃ  Ná»™i,Mua SÃ‰T BÃNH Gáº O TOKBOKI HÃ€N QUá»C LOáº I 1 (KÃˆM Sá»T) á»Ÿ Ä‘Ã¢u?
"Gáº¡o lÃ i sá»¯a ,thÆ¡m lÃ i 17.000Ä‘/kg .Bao 5 kÃ½ trá»Ÿ lÃªn .",shopthuytrang2019,TP. Há»“ ChÃ­ Minh,Tráº¡ng thÃ¡i: CÃ²n hÃ ng,TP. Há»“ ChÃ­ Minh,"Mua Gáº¡o lÃ i sá»¯a ,thÆ¡m lÃ i 17.000Ä‘/kg .Bao 5 kÃ½ trá»Ÿ lÃªn . á»Ÿ Ä‘Ã¢u?"
500g bá»™t bÃ¡ng náº¥u chÃ¨,shopanvat.trasuagiare,HÆ°ng YÃªn,Tráº¡ng thÃ¡i: CÃ²n hÃ ng,HÆ°ng YÃªn,Mua 500g bá»™t bÃ¡ng náº¥u chÃ¨ á»Ÿ Ä‘Ã¢u?
100gr long nhÃ£n sÃ´ng mÃ£ - Cao Cáº¥p,NhÃ  Thuá»‘c ÄÃ´ng Y,TP. Há»“ ChÃ­ Minh,Tráº¡ng thÃ¡i: CÃ²n hÃ ng,TP. Há»“ ChÃ­ Minh,Mua 100gr long nhÃ£n sÃ´ng mÃ£ - Cao Cáº¥p á»Ÿ Ä‘Ã¢u?
Puritanâ€™s Pride C-Time 1000 60v,Chuáº©n hÃ ng xÃ¡ch 88,HÃ  Ná»™i,Tráº¡ng thÃ¡i: CÃ²n hÃ ng,HÃ  Ná»™i,Mua Puritanâ€™s Pride C-Time 1000 60v á»Ÿ Ä‘Ã¢u?
Siro ho HÃºng chanh ThiÃªn Tri 500ml,thientritantam,HÃ  Ná»™i,Tráº¡ng thÃ¡i: CÃ²n hÃ ng,HÃ  Ná»™i,Mua Siro ho HÃºng chanh ThiÃªn Tri 500ml á»Ÿ Ä‘Ã¢u?
Gas soda CO2 Gas Charger Mosa -Sá»‰ ThÃ¹ng,JANG JANG MARKET,TP. Há»“ ChÃ­ Minh,Tráº¡ng thÃ¡i: CÃ²n hÃ ng,TP. Há»“ ChÃ­ Minh,Mua Gas soda CO2 Gas Charger Mosa -Sá»‰ ThÃ¹ng á»Ÿ Ä‘Ã¢u?
TrÃ  xanh há»¯u cÆ¡ Cao Bá»“ gÃ³i 100g,CPs_organic_store,HÃ  Ná»™i,Tráº¡ng thÃ¡i: CÃ²n hÃ ng,HÃ  Ná»™i,Mua TrÃ  xanh há»¯u cÆ¡ Cao Bá»“ gÃ³i 100g á»Ÿ Ä‘Ã¢u?
Combo Vá»‹ (6 Lá») Xylitol 58g - Äá»§ Vá»‹ ( Loáº¡i má»›i - CÃ´ng thá»©c cáº£i tiáº¿n ),VÆ¯Æ NG KHÃNH STORE,HÃ  Ná»™i,Tráº¡ng thÃ¡i: CÃ²n hÃ ng,HÃ  Ná»™i,Mua Combo Vá»‹ (6 Lá») Xylitol 58g - Äá»§ Vá»‹ ( Loáº¡i má»›i - CÃ´ng thá»©c cáº£i tiáº¿n ) á»Ÿ Ä‘Ã¢u?
200g Bá»™t á»›t ta cay ná»“ng nguyÃªn cháº¥t_ Äáº·c sáº£n Quáº£ng Trá»‹ (nhÃ  lÃ m),Shop QuÃª QT,Äá»“ng Nai,Tráº¡ng thÃ¡i: CÃ²n hÃ ng,Äá»“ng Nai,Mua 200g Bá»™t á»›t ta cay ná»“ng nguyÃªn cháº¥t_ Äáº·c sáº£n Quáº£ng Trá»‹ (nhÃ  lÃ m) á»Ÿ Ä‘Ã¢u?
1kg Bá»™t Lanh NÃ¢u Canada - Bá»™t lanh xay má»‹n lÃ m bÃ¡nh Keto,HKfood,HÃ  Ná»™i,Tráº¡ng thÃ¡i: CÃ²n hÃ ng,HÃ  Ná»™i,Mua 1kg Bá»™t Lanh NÃ¢u Canada - Bá»™t lanh xay má»‹n lÃ m bÃ¡nh Keto á»Ÿ Ä‘Ã¢u?
500gr quáº£ nhÃ u - TrÃ¡i nhÃ u - KHÃ” CAO Cáº¤P,Shop HÃ ng ChÃ­nh Háº£ng,TP. Há»“ ChÃ­ Minh,Tráº¡ng thÃ¡i: CÃ²n hÃ ng,TP. Há»“ ChÃ­ Minh,Mua 500gr quáº£ nhÃ u - TrÃ¡i nhÃ u - KHÃ” CAO Cáº¤P á»Ÿ Ä‘Ã¢u?
Yáº¿n RÃºt LÃ´ng NguyÃªn Tá»• KhÃ¡nh HÃ²a 100g Tá»• Yáº¿n LÃ m Sáº¡ch NguyÃªn Cháº¥t Cao Cáº¥p Loáº¡i 1 Yáº¿n SÃ o Sáº¡ch LÃ´ng KhÃ¡nh HÃ²a 100g,Äáº·c Sáº£n KhÃ¡nh HÃ²a 86,KhÃ¡nh HÃ²a,Tráº¡ng thÃ¡i: CÃ²n hÃ ng,KhÃ¡nh HÃ²a,Mua Yáº¿n RÃºt LÃ´ng NguyÃªn Tá»• KhÃ¡nh HÃ²a 100g Tá»• Yáº¿n LÃ m Sáº¡ch NguyÃªn Cháº¥t Cao Cáº¥p Loáº¡i 1 Yáº¿n SÃ o Sáº¡ch LÃ´ng KhÃ¡nh HÃ²a 100g á»Ÿ Ä‘Ã¢u?
50 gÃ³i chÃ¨ lá»… 50g ngon,Shop Tháº£o SÆ¡n 886,Háº£i DÆ°Æ¡ng,Tráº¡ng thÃ¡i: CÃ²n hÃ ng,Háº£i DÆ°Æ¡ng,Mua 50 gÃ³i chÃ¨ lá»… 50g ngon á»Ÿ Ä‘Ã¢u?
SET TÃ€U HÅ¨ TRÃ‚N CHÃ‚U ÄÆ¯á»œNG ÄEN 10 chÃ©n,PHÆ¯Æ NG.LINH.SHOP,HÃ  Ná»™i,Tráº¡ng thÃ¡i: CÃ²n hÃ ng,HÃ  Ná»™i,Mua SET TÃ€U HÅ¨ TRÃ‚N CHÃ‚U ÄÆ¯á»œNG ÄEN 10 chÃ©n á»Ÿ Ä‘Ã¢u?
Káº¹o má»©t dÃ¢u tÃ¢y ÄÃ  Láº¡t cÆ¡ sá»Ÿ Háº¡nh TÃ¢m 300gr,Máº¹ báº§u báº§u shop,Nam Äá»‹nh,Tráº¡ng thÃ¡i: CÃ²n hÃ ng,Nam Äá»‹nh,Mua Káº¹o má»©t dÃ¢u tÃ¢y ÄÃ  Láº¡t cÆ¡ sá»Ÿ Háº¡nh TÃ¢m 300gr á»Ÿ Ä‘Ã¢u?
MÃ€NG Bá»ŒC THá»°C PHáº¨M EUFOOD 30CM x 20M THÆ¯Æ NG HIá»†U VN TIN DÃ™NG,BANHRAN,TP. Há»“ ChÃ­ Minh,Tráº¡ng thÃ¡i: CÃ²n hÃ ng,TP. Há»“ ChÃ­ Minh,Mua MÃ€NG Bá»ŒC THá»°C PHáº¨M EUFOOD 30CM x 20M THÆ¯Æ NG HIá»†U VN TIN DÃ™NG á»Ÿ Ä‘Ã¢u?
BÃ¡nh pÃ­a Äáº­u Sáº§u riÃªng Má»¹ Hiá»‡p ThÃ nh VÅ©ng ThÆ¡m,Äáº·c Sáº£n SÃ³c TrÄƒng Shop,SÃ³c TrÄƒng,Tráº¡ng thÃ¡i: CÃ²n hÃ ng,SÃ³c TrÄƒng,Mua BÃ¡nh pÃ­a Äáº­u Sáº§u riÃªng Má»¹ Hiá»‡p ThÃ nh VÅ©ng ThÆ¡m á»Ÿ Ä‘Ã¢u?
Lá»‘c 5 chai sá»¯a uá»‘ng lÃªn men Yakult 65ml,duy.bolen,TP. Há»“ ChÃ­ Minh,Tráº¡ng thÃ¡i: CÃ²n hÃ ng,TP. Há»“ ChÃ­ Minh,Mua Lá»‘c 5 chai sá»¯a uá»‘ng lÃªn men Yakult 65ml á»Ÿ Ä‘Ã¢u?
CÃ¡ Dá»©a 1 Náº¯ng NguyÃªn Con 1 Kg - [ Ship SiÃªu Tá»‘c HCM ],THá»°C PHáº¨M ÄÃ”NG Láº NH - Ä‚N Váº¶T,TP. Há»“ ChÃ­ Minh,Tráº¡ng thÃ¡i: CÃ²n hÃ ng,TP. Há»“ ChÃ­ Minh,Mua CÃ¡ Dá»©a 1 Náº¯ng NguyÃªn Con 1 Kg - [ Ship SiÃªu Tá»‘c HCM ] á»Ÿ Ä‘Ã¢u?
Cá» mÃ¡u tÄƒng cÃ¢n (1 kg),cÃ¢y an xoa,Nghá»‡ An,Tráº¡ng thÃ¡i: CÃ²n hÃ ng,Nghá»‡ An,Mua Cá» mÃ¡u tÄƒng cÃ¢n (1 kg) á»Ÿ Ä‘Ã¢u?
Háº¡nh NhÃ¢n Má»¹ Dáº¡ng Háº¡t-Dáº¡ng LÃ¡t-Dáº¡ng Bá»™t GÃ³i Nhá» 100g,biboshop107,HÃ  Ná»™i,Tráº¡ng thÃ¡i: CÃ²n hÃ ng,HÃ  Ná»™i,Mua Háº¡nh NhÃ¢n Má»¹ Dáº¡ng Háº¡t-Dáº¡ng LÃ¡t-Dáº¡ng Bá»™t GÃ³i Nhá» 100g á»Ÿ Ä‘Ã¢u?
Nho khÃ´ áº¤n Äá»™ Raisin 100g,biboshop107,HÃ  Ná»™i,Tráº¡ng thÃ¡i: CÃ²n hÃ ng,HÃ  Ná»™i,Mua Nho khÃ´ áº¤n Äá»™ Raisin 100g á»Ÿ Ä‘Ã¢u?
Bá»™t bÃ¡ng dÃ¹ng náº¥u chÃ¨ 200g,biboshop107,HÃ  Ná»™i,Tráº¡ng thÃ¡i: CÃ²n hÃ ng,HÃ  Ná»™i,Mua Bá»™t bÃ¡ng dÃ¹ng náº¥u chÃ¨ 200g á»Ÿ Ä‘Ã¢u?
500gr Äáº³ng SÃ¢m vá»‹ thuá»‘c quÃ½ trá»‹ suy tháº­n JD082,namduocxanh.vn,HÃ  Ná»™i,Tráº¡ng thÃ¡i: CÃ²n hÃ ng,HÃ  Ná»™i,Mua 500gr Äáº³ng SÃ¢m vá»‹ thuá»‘c quÃ½ trá»‹ suy tháº­n JD082 á»Ÿ Ä‘Ã¢u?
TrÃ¢n ChÃ¢u ÄÃ€I LOAN CARAMEL Äen 200,HKFoods,HÃ  Ná»™i,Tráº¡ng thÃ¡i: CÃ²n hÃ ng,HÃ  Ná»™i,Mua TrÃ¢n ChÃ¢u ÄÃ€I LOAN CARAMEL Äen 200 á»Ÿ Ä‘Ã¢u?
Bá»™t háº¡nh nhÃ¢n gÃ³i nhá» 100g,HKFoods,HÃ  Ná»™i,Tráº¡ng thÃ¡i: CÃ²n hÃ ng,HÃ  Ná»™i,Mua Bá»™t háº¡nh nhÃ¢n gÃ³i nhá» 100g á»Ÿ Ä‘Ã¢u?
TÃºi bÃ¡nh mÃ¬ hoa cÃºc ngang (100c),hathu8677,HÃ  Ná»™i,Tráº¡ng thÃ¡i: CÃ²n hÃ ng,HÃ  Ná»™i,Mua TÃºi bÃ¡nh mÃ¬ hoa cÃºc ngang (100c) á»Ÿ Ä‘Ã¢u?
Rong Biá»ƒn KhÃ´ Nháº­p Kháº©u HÃ n Quá»‘c - KhÃ´ng Tanh - GiÃ u Dinh DÆ°á»¡ng,sá»¯a soyna,HÃ  Ná»™i,Tráº¡ng thÃ¡i: CÃ²n hÃ ng,HÃ  Ná»™i,Mua Rong Biá»ƒn KhÃ´ Nháº­p Kháº©u HÃ n Quá»‘c - KhÃ´ng Tanh - GiÃ u Dinh DÆ°á»¡ng á»Ÿ Ä‘Ã¢u?
CÃ¡ Ä‘Ã¹ 1 náº¯ng (size nhá»),kdhaisan,160.000 â‚«,Tráº¡ng thÃ¡i: CÃ²n hÃ ng,160.000 â‚«,Mua CÃ¡ Ä‘Ã¹ 1 náº¯ng (size nhá») á»Ÿ Ä‘Ã¢u?
PHÃ” MAI CON BÃ’ CÆ¯á»œI 8 MIáº¾NG - 16 MIáº¾NG,ngachi104k2,HÃ  Ná»™i,Tráº¡ng thÃ¡i: CÃ²n hÃ ng,HÃ  Ná»™i,Mua PHÃ” MAI CON BÃ’ CÆ¯á»œI 8 MIáº¾NG - 16 MIáº¾NG á»Ÿ Ä‘Ã¢u?
"Káº¹o Ngáº­m Ho CAM THáº¢O, THáº¢O DÆ¯á»¢C ThÃ¡i Lan",ChuyÃªn Sá»‰ HÃ ng XÃ¡ch Tay ThÃ¡i Lan,15.000 â‚«,Tráº¡ng thÃ¡i: CÃ²n hÃ ng,15.000 â‚«,"Mua Káº¹o Ngáº­m Ho CAM THáº¢O, THáº¢O DÆ¯á»¢C ThÃ¡i Lan á»Ÿ Ä‘Ã¢u?"
Giao hÃ ng TPHCM Cháº£ ram tÃ´m Ä‘áº¥t Ä‘áº·c sáº£n BÃ¬nh Äá»‹nh 500gr,Ä‚n Váº·t Chuá»™t Láº¯c,TP. Há»“ ChÃ­ Minh,Tráº¡ng thÃ¡i: CÃ²n hÃ ng,TP. Há»“ ChÃ­ Minh,Mua Giao hÃ ng TPHCM Cháº£ ram tÃ´m Ä‘áº¥t Ä‘áº·c sáº£n BÃ¬nh Äá»‹nh 500gr á»Ÿ Ä‘Ã¢u?
"Phá»…u Medela 21mm, 24mm, 27mm, 30mm, 36mm",AKBabyShop,129.000 â‚«,Tráº¡ng thÃ¡i: Äang cáº­p nháº­t,129.000 â‚«,"Mua Phá»…u Medela 21mm, 24mm, 27mm, 30mm, 36mm á»Ÿ Ä‘Ã¢u?"
MÃ¬ cay HÃ n Quá»‘c siÃªu ngon 18 loáº¡i,hashikomart,HÃ  Ná»™i,Tráº¡ng thÃ¡i: CÃ²n hÃ ng,HÃ  Ná»™i,Mua MÃ¬ cay HÃ n Quá»‘c siÃªu ngon 18 loáº¡i á»Ÿ Ä‘Ã¢u?
Máº¯m TÃ´m Thuá»· Sáº£n,hiep milo,20.000 â‚«,Tráº¡ng thÃ¡i: CÃ²n hÃ ng,20.000 â‚«,Mua Máº¯m TÃ´m Thuá»· Sáº£n á»Ÿ Ä‘Ã¢u?
PHOMAI DÃ‚Y SOLSE 200G/ PHÃ” MAI HUN KHÃ“I/ PHOMAI XÃ”NG KHÃ“I/ PHÃ” MAI DÃ‚Y XOáº®N THá»ªNG,ngachi104k2,HÃ  Ná»™i,Tráº¡ng thÃ¡i: CÃ²n hÃ ng,HÃ  Ná»™i,Mua PHOMAI DÃ‚Y SOLSE 200G/ PHÃ” MAI HUN KHÃ“I/ PHOMAI XÃ”NG KHÃ“I/ PHÃ” MAI DÃ‚Y XOáº®N THá»ªNG á»Ÿ Ä‘Ã¢u?
"Combo 10 lá» Káº¹o Ngáº­m Ho CAM THáº¢O, THáº¢O DÆ¯á»¢C ThÃ¡i Lan",ChuyÃªn Sá»‰ HÃ ng XÃ¡ch Tay ThÃ¡i Lan,120.000 â‚«,Tráº¡ng thÃ¡i: CÃ²n hÃ ng,120.000 â‚«,"Mua Combo 10 lá» Káº¹o Ngáº­m Ho CAM THáº¢O, THáº¢O DÆ¯á»¢C ThÃ¡i Lan á»Ÿ Ä‘Ã¢u?"
TÃ´m HÃ¹m ViÃªn EB ViÃªn TÃ´m HÃ¹m Tháº£ Láº©u,AZ.MART,TP. Há»“ ChÃ­ Minh,Tráº¡ng thÃ¡i: CÃ²n hÃ ng,TP. Há»“ ChÃ­ Minh,Mua TÃ´m HÃ¹m ViÃªn EB ViÃªn TÃ´m HÃ¹m Tháº£ Láº©u á»Ÿ Ä‘Ã¢u?
BÃ¡nh PÃ² quáº©y há»™p siÃªu ngon(1 há»™p 65_70 chiáº¿c),BON SHOP 2017,HÃ  Ná»™i,Tráº¡ng thÃ¡i: CÃ²n hÃ ng,HÃ  Ná»™i,Mua BÃ¡nh PÃ² quáº©y há»™p siÃªu ngon(1 há»™p 65_70 chiáº¿c) á»Ÿ Ä‘Ã¢u?
Cháº£ Cá»‘m SÄ 200gr,Song Äáº¡t - SiÃªu thá»‹ Thá»‹t heo sáº¡ch,79.000 â‚«,Tráº¡ng thÃ¡i: CÃ²n hÃ ng,79.000 â‚«,Mua Cháº£ Cá»‘m SÄ 200gr á»Ÿ Ä‘Ã¢u?
PhÃ´ Mai Solse Máº·n XÃ´ng KhÃ³i GÃ³i 200g,Imex VN,TP. Há»“ ChÃ­ Minh,Tráº¡ng thÃ¡i: CÃ²n hÃ ng,TP. Há»“ ChÃ­ Minh,Mua PhÃ´ Mai Solse Máº·n XÃ´ng KhÃ³i GÃ³i 200g á»Ÿ Ä‘Ã¢u?
ÄÆ°á»ng thá»‘t ná»‘t chÃ­nh hiá»‡u 1kg,Äáº¶C Sáº¢N Cá» ÄÃ” HUáº¾ 1589504415,45.000 â‚«,Tráº¡ng thÃ¡i: CÃ²n hÃ ng,45.000 â‚«,Mua ÄÆ°á»ng thá»‘t ná»‘t chÃ­nh hiá»‡u 1kg á»Ÿ Ä‘Ã¢u?
ViÃªn NhÃºng Tháº£ Láº©u Malaysia TÃ´m HÃ¹m ViÃªn NhÃ¢n PhÃ´ Mai Mozzarella,AZ.MART,TP. Há»“ ChÃ­ Minh,Tráº¡ng thÃ¡i: CÃ²n hÃ ng,TP. Há»“ ChÃ­ Minh,Mua ViÃªn NhÃºng Tháº£ Láº©u Malaysia TÃ´m HÃ¹m ViÃªn NhÃ¢n PhÃ´ Mai Mozzarella á»Ÿ Ä‘Ã¢u?
bim bim gÃ¢n gÃ  nÃ³ng sá»‘t bá»‹ch 30 gÃ³i,Äá»“ gia dá»¥ng-táº¡p hoÃ¡ giÃ¡ ráº»,HÃ  Ná»™i,Tráº¡ng thÃ¡i: Äang cáº­p nháº­t,HÃ  Ná»™i,Mua bim bim gÃ¢n gÃ  nÃ³ng sá»‘t bá»‹ch 30 gÃ³i á»Ÿ Ä‘Ã¢u?
2 GÃ³i Buffalo Jerky vá»‹ sáº£ + 2 GÃ³i Beef Jerky KhÃ´ bÃ² xÃ´ng khÃ³i + 2 GÃ³i Buffalo Jerky vá»‹ tiÃªu,Äáº·c sáº£n OCOP toÃ n quá»‘c,125.000 â‚«,Tráº¡ng thÃ¡i: CÃ²n hÃ ng,125.000 â‚«,Mua 2 GÃ³i Buffalo Jerky vá»‹ sáº£ + 2 GÃ³i Beef Jerky KhÃ´ bÃ² xÃ´ng khÃ³i + 2 GÃ³i Buffalo Jerky vá»‹ tiÃªu á»Ÿ Ä‘Ã¢u?
100G PHÃ” MAI MOZZARELLA Äá»¨C KÃ‰O Sá»¢I LOáº I NGON,KOREAN MART SIÃŠU THá»Š HÃ€N QUá»C,HÃ  Ná»™i,Tráº¡ng thÃ¡i: CÃ²n hÃ ng,HÃ  Ná»™i,Mua 100G PHÃ” MAI MOZZARELLA Äá»¨C KÃ‰O Sá»¢I LOáº I NGON á»Ÿ Ä‘Ã¢u?
"TÆ°Æ¡ng á»›t Huáº¿ chua cay kho cÃ¡, lÃ m gá»i ngon mÃª ly 500gr",Äáº¶C Sáº¢N Cá» ÄÃ” HUáº¾ 1589504415,30.000 â‚«,Tráº¡ng thÃ¡i: CÃ²n hÃ ng,30.000 â‚«,"Mua TÆ°Æ¡ng á»›t Huáº¿ chua cay kho cÃ¡, lÃ m gá»i ngon mÃª ly 500gr á»Ÿ Ä‘Ã¢u?"
ViÃªn NhÃºng Tháº£ Láº©u Cao Cáº¥p Phá»§ TrÃºc Háº£i Sáº£n TÆ°Æ¡i NhÃ¢n Trá»©ng CÃ¡ Malaysia Trong Haidilao,AZ.MART,TP. Há»“ ChÃ­ Minh,Tráº¡ng thÃ¡i: CÃ²n hÃ ng,TP. Há»“ ChÃ­ Minh,Mua ViÃªn NhÃºng Tháº£ Láº©u Cao Cáº¥p Phá»§ TrÃºc Háº£i Sáº£n TÆ°Æ¡i NhÃ¢n Trá»©ng CÃ¡ Malaysia Trong Haidilao á»Ÿ Ä‘Ã¢u?
Bim Bim Äáº­u Xanh NÆ°á»›c Cá»‘t Dá»«a/ Socola Oishi GÃ³i 6g ( Bá»‹ch 20 GÃ³i ),Táº¡p HÃ³a Dá»¥ Tháº£o,HÃ  Ná»™i,Tráº¡ng thÃ¡i: CÃ²n hÃ ng,HÃ  Ná»™i,Mua Bim Bim Äáº­u Xanh NÆ°á»›c Cá»‘t Dá»«a/ Socola Oishi GÃ³i 6g ( Bá»‹ch 20 GÃ³i ) á»Ÿ Ä‘Ã¢u?
XÃºc xÃ­ch Salami Danois Delice 150g,hanoigoldmall,176.000 â‚«,Tráº¡ng thÃ¡i: CÃ²n hÃ ng,176.000 â‚«,Mua XÃºc xÃ­ch Salami Danois Delice 150g á»Ÿ Ä‘Ã¢u?
"Bá»˜T PHÃ” MAI HÃ€N QUá»C ( GÃ“I 100G,200G,300G,500G ) (alifoodmart)",alifoodmart,HÃ  Ná»™i,Tráº¡ng thÃ¡i: CÃ²n hÃ ng,HÃ  Ná»™i,"Mua Bá»˜T PHÃ” MAI HÃ€N QUá»C ( GÃ“I 100G,200G,300G,500G ) (alifoodmart) á»Ÿ Ä‘Ã¢u?"
Sáºµn tháº¿ giá»›i Äƒn váº·t siÃªu cay(ÄÃ¹i vá»‹t),Ä‘á»“ Äƒn váº·t ngá»c,15.000 â‚«,Tráº¡ng thÃ¡i: CÃ²n hÃ ng,15.000 â‚«,Mua Sáºµn tháº¿ giá»›i Äƒn váº·t siÃªu cay(ÄÃ¹i vá»‹t) á»Ÿ Ä‘Ã¢u?
BÃ¡nh bao nhÃ¢n trá»©ng cÃ¡ há»“i tÃºi 500g gá»“m 30 viÃªn,Frozen.Mart,TP. Há»“ ChÃ­ Minh,Tráº¡ng thÃ¡i: CÃ²n hÃ ng,TP. Há»“ ChÃ­ Minh,Mua BÃ¡nh bao nhÃ¢n trá»©ng cÃ¡ há»“i tÃºi 500g gá»“m 30 viÃªn á»Ÿ Ä‘Ã¢u?
Má»±c sá»‘t cay Ä‘áº·c sáº£n Há»“ Nam,Äá»“ Äƒn váº·t hottrend,HÃ  Ná»™i,Tráº¡ng thÃ¡i: CÃ²n hÃ ng,HÃ  Ná»™i,Mua Má»±c sá»‘t cay Ä‘áº·c sáº£n Há»“ Nam á»Ÿ Ä‘Ã¢u?
Thá»‹t Nguá»™i Speck hiá»‡u Cuore Italia 80g,hanoigoldmall,122.000 â‚«,Tráº¡ng thÃ¡i: CÃ²n hÃ ng,122.000 â‚«,Mua Thá»‹t Nguá»™i Speck hiá»‡u Cuore Italia 80g á»Ÿ Ä‘Ã¢u?
100g PhÃ´ Mai BÃ o Sá»£i Mozzarella cá»§a PhÃ¡p,Tokbokki HÃ n Quá»‘c,TP. Há»“ ChÃ­ Minh,Tráº¡ng thÃ¡i: CÃ²n hÃ ng,TP. Há»“ ChÃ­ Minh,Mua 100g PhÃ´ Mai BÃ o Sá»£i Mozzarella cá»§a PhÃ¡p á»Ÿ Ä‘Ã¢u?
Cao Láº¡c TiÃªn Há»™p 200gr,Äáº·c Sáº£n Äiá»‡n BiÃªn 1589649748,45.000 â‚«,Tráº¡ng thÃ¡i: CÃ²n hÃ ng,45.000 â‚«,Mua Cao Láº¡c TiÃªn Há»™p 200gr á»Ÿ Ä‘Ã¢u?
"CHáº¢ Má»°C XOáº®N á»NG LÃ€M CÃ VIÃŠN CHIÃŠN, THáº¢ Láº¨U, Ä‚N VÄ‚T Äá»€U NGON HÃNG DELIFOOD TÃšI 1KG",KHOAIFOOD_SI_DOANVAT_TOAN_QUOC,HÃ  Ná»™i,Tráº¡ng thÃ¡i: CÃ²n hÃ ng,HÃ  Ná»™i,"Mua CHáº¢ Má»°C XOáº®N á»NG LÃ€M CÃ VIÃŠN CHIÃŠN, THáº¢ Láº¨U, Ä‚N VÄ‚T Äá»€U NGON HÃNG DELIFOOD TÃšI 1KG á»Ÿ Ä‘Ã¢u?"
Rong biá»ƒn tÆ°Æ¡i HÃ n Quá»‘c - Seaweed salad (1kg),HÃ ng hÃ³a - Hoa quáº£ nháº­p kháº©u,HÃ  Ná»™i,Tráº¡ng thÃ¡i: CÃ²n hÃ ng,HÃ  Ná»™i,Mua Rong biá»ƒn tÆ°Æ¡i HÃ n Quá»‘c - Seaweed salad (1kg) á»Ÿ Ä‘Ã¢u?
XÃºc xÃ­ch Sarta Cay Chorizo 200g,hanoigoldmall,2.180.001 â‚«,Tráº¡ng thÃ¡i: CÃ²n hÃ ng,2.180.001 â‚«,Mua XÃºc xÃ­ch Sarta Cay Chorizo 200g á»Ÿ Ä‘Ã¢u?
Bá»™t PhÃ´ Mai HÃ n Quá»‘c 250g,"BÃNH Gáº O HÃ€N QUá»C, TOKBOKKI HQ",TP. Há»“ ChÃ­ Minh,Tráº¡ng thÃ¡i: CÃ²n hÃ ng,TP. Há»“ ChÃ­ Minh,Mua Bá»™t PhÃ´ Mai HÃ n Quá»‘c 250g á»Ÿ Ä‘Ã¢u?
NOVOMIN,LÆ°u thá»‹ kiá»u oanh,209.000 â‚«,Tráº¡ng thÃ¡i: CÃ²n hÃ ng,209.000 â‚«,Mua NOVOMIN á»Ÿ Ä‘Ã¢u?
CÃ¡ viÃªn sá»‘t mayonaise khay 500g gá»“m 35 viÃªn,Frozen.Mart,TP. Há»“ ChÃ­ Minh,Tráº¡ng thÃ¡i: CÃ²n hÃ ng,TP. Há»“ ChÃ­ Minh,Mua CÃ¡ viÃªn sá»‘t mayonaise khay 500g gá»“m 35 viÃªn á»Ÿ Ä‘Ã¢u?
há»“ng trÃ  Ä‘Ã i loan nguyÃªn liá»‡u trÃ  sá»¯a,shopnguyenlieu,HÃ  Ná»™i,Tráº¡ng thÃ¡i: CÃ²n hÃ ng,HÃ  Ná»™i,Mua há»“ng trÃ  Ä‘Ã i loan nguyÃªn liá»‡u trÃ  sá»¯a á»Ÿ Ä‘Ã¢u?
XÃºc XÃ­ch Mini Kabanossi Boklunder 125g,hanoigoldmall,270.000 â‚«,Tráº¡ng thÃ¡i: CÃ²n hÃ ng,270.000 â‚«,Mua XÃºc XÃ­ch Mini Kabanossi Boklunder 125g á»Ÿ Ä‘Ã¢u?
PHÃ” MAI Bá»˜T MALAYSIA SIÃŠU NGON 100gr,"BÃNH Gáº O HÃ€N QUá»C, TOKBOKKI HQ",TP. Há»“ ChÃ­ Minh,Tráº¡ng thÃ¡i: CÃ²n hÃ ng,TP. Há»“ ChÃ­ Minh,Mua PHÃ” MAI Bá»˜T MALAYSIA SIÃŠU NGON 100gr á»Ÿ Ä‘Ã¢u?
BÃNH NHÃƒN Ä‘áº·c sáº£n Háº£i Háº­u,Háº¢I Sáº¢N KHÃ” QUáº¤T LÃ‚M 1585312361,30.000 â‚«,Tráº¡ng thÃ¡i: CÃ²n hÃ ng,30.000 â‚«,Mua BÃNH NHÃƒN Ä‘áº·c sáº£n Háº£i Háº­u á»Ÿ Ä‘Ã¢u?
SÃ’ ÄIá»†P LICHUAN GÃ“I 500G (45-48 VIÃŠN),KimFood1,TP. Há»“ ChÃ­ Minh,Tráº¡ng thÃ¡i: CÃ²n hÃ ng,TP. Há»“ ChÃ­ Minh,Mua SÃ’ ÄIá»†P LICHUAN GÃ“I 500G (45-48 VIÃŠN) á»Ÿ Ä‘Ã¢u?
â¤ï¸ 1KG SÆ°á»n non Chay TÃ¢m PhÃ¡t (loáº¡i dÃ y)/CÃ´ng nghá»‡ Nháº­t Báº£n,CHAY TÃ‚M PHÃT,TP. Há»“ ChÃ­ Minh,Tráº¡ng thÃ¡i: CÃ²n hÃ ng,TP. Há»“ ChÃ­ Minh,Mua â¤ï¸ 1KG SÆ°á»n non Chay TÃ¢m PhÃ¡t (loáº¡i dÃ y)/CÃ´ng nghá»‡ Nháº­t Báº£n á»Ÿ Ä‘Ã¢u?
GÃ³i 5 CÃ¢y XÃºc XÃ­ch Ponnie 175g/105g cÃ²n vá»‹ bÃ²,Sieuthingoctoan,20.000 â‚«,Tráº¡ng thÃ¡i: CÃ²n hÃ ng,20.000 â‚«,Mua GÃ³i 5 CÃ¢y XÃºc XÃ­ch Ponnie 175g/105g cÃ²n vá»‹ bÃ² á»Ÿ Ä‘Ã¢u?
"Bá»™t phÃ´ mai HÃ n Quá»‘c Bok Food 1kg láº¯c bÃ¡nh gáº¡o,khoai,gÃ  rÃ¡n (káº¿t há»£p hÃ i hÃ²a giá»¯a vá»‹ máº·n ngá»t cá»§a phÃ´ mai)",bokmart.vn,HÃ  Ná»™i,Tráº¡ng thÃ¡i: CÃ²n hÃ ng,HÃ  Ná»™i,"Mua Bá»™t phÃ´ mai HÃ n Quá»‘c Bok Food 1kg láº¯c bÃ¡nh gáº¡o,khoai,gÃ  rÃ¡n (káº¿t há»£p hÃ i hÃ²a giá»¯a vá»‹ máº·n ngá»t cá»§a phÃ´ mai) á»Ÿ Ä‘Ã¢u?"
Bá»™t sáº¯n dÃ¢y nguyÃªn cháº¥t 500g,NGHá»† TH,80.000 â‚«,Tráº¡ng thÃ¡i: CÃ²n hÃ ng,80.000 â‚«,Mua Bá»™t sáº¯n dÃ¢y nguyÃªn cháº¥t 500g á»Ÿ Ä‘Ã¢u?
Äáº­u hu phÃ´ mai EB 500g nháº­p kháº©u Malaysia,Frozen.Mart,TP. Há»“ ChÃ­ Minh,Tráº¡ng thÃ¡i: CÃ²n hÃ ng,TP. Há»“ ChÃ­ Minh,Mua Äáº­u hu phÃ´ mai EB 500g nháº­p kháº©u Malaysia á»Ÿ Ä‘Ã¢u?
ğŸŒº 1KG CHáº¢ Náº¤M BÃ€O NGÆ¯ DIá»„M TRANG/ Chay TÃ¢m PhÃ¡t,CHAY TÃ‚M PHÃT,TP. Há»“ ChÃ­ Minh,Tráº¡ng thÃ¡i: CÃ²n hÃ ng,TP. Há»“ ChÃ­ Minh,Mua ğŸŒº 1KG CHáº¢ Náº¤M BÃ€O NGÆ¯ DIá»„M TRANG/ Chay TÃ¢m PhÃ¡t á»Ÿ Ä‘Ã¢u?
Pate Vá»‹t Vá»›i Olive HÃ©naff 115g,CQ MART,88.200 â‚«,Tráº¡ng thÃ¡i: CÃ²n hÃ ng,88.200 â‚«,Mua Pate Vá»‹t Vá»›i Olive HÃ©naff 115g á»Ÿ Ä‘Ã¢u?
PHÃ” MAI BÃ€O Sá»¢I MOZZARELLA 100G,á»šT Bá»˜T HÃ€N QUá»C,HÃ  Ná»™i,Tráº¡ng thÃ¡i: CÃ²n hÃ ng,HÃ  Ná»™i,Mua PHÃ” MAI BÃ€O Sá»¢I MOZZARELLA 100G á»Ÿ Ä‘Ã¢u?
ChÃ¹m ruá»™t rim sá»‘c muá»‘i á»›t 250gr(táº·ng 1 con emoji lÃ² xo),TMQT Shop,45.000 â‚«,Tráº¡ng thÃ¡i: CÃ²n hÃ ng,45.000 â‚«,Mua ChÃ¹m ruá»™t rim sá»‘c muá»‘i á»›t 250gr(táº·ng 1 con emoji lÃ² xo) á»Ÿ Ä‘Ã¢u?
Láº©u Combo 5 in 1 EB | Steam boat 5 in 1 EB nháº­p kháº©u Malaysia [giao há»a tá»‘c táº¡i tpHCM],stk_VinhDu,TP. Há»“ ChÃ­ Minh,Tráº¡ng thÃ¡i: CÃ²n hÃ ng,TP. Há»“ ChÃ­ Minh,Mua Láº©u Combo 5 in 1 EB | Steam boat 5 in 1 EB nháº­p kháº©u Malaysia [giao há»a tá»‘c táº¡i tpHCM] á»Ÿ Ä‘Ã¢u?
"Gelatin Ewald 5 lÃ¡ :3,3gr/1 lÃ¡",dá»¥ng cá»¥ lÃ m bÃ¡nh giÃ¡ tá»‘t,Nam Äá»‹nh,Tráº¡ng thÃ¡i: CÃ²n hÃ ng,Nam Äá»‹nh,"Mua Gelatin Ewald 5 lÃ¡ :3,3gr/1 lÃ¡ á»Ÿ Ä‘Ã¢u?"
NÆ°á»›c tÆ°Æ¡ng Maggi Seasoning 800g,Quáº§y KÃ½,270.000 â‚«,Tráº¡ng thÃ¡i: CÃ²n hÃ ng,270.000 â‚«,Mua NÆ°á»›c tÆ°Æ¡ng Maggi Seasoning 800g á»Ÿ Ä‘Ã¢u?
"PhÃ´ mai MOZZARELLA kÃ©o sá»£i Äá»©c khá»‘i 500g lÃ m pizza, hotdog, phÃ´ mai que,...",MJ MART SIÃŠU THá»Š HÃ€N QUá»C,HÃ  Ná»™i,Tráº¡ng thÃ¡i: CÃ²n hÃ ng,HÃ  Ná»™i,"Mua PhÃ´ mai MOZZARELLA kÃ©o sá»£i Äá»©c khá»‘i 500g lÃ m pizza, hotdog, phÃ´ mai que,... á»Ÿ Ä‘Ã¢u?"
ChÃ¢n vá»‹t Ä‘á» cay,Ä‘á»“ Äƒn váº·t ngá»c,15.000 â‚«,Tráº¡ng thÃ¡i: CÃ²n hÃ ng,15.000 â‚«,Mua ChÃ¢n vá»‹t Ä‘á» cay á»Ÿ Ä‘Ã¢u?
Thanh cua dÃ i 17.5cm tÃºi 500g,Frozen.Mart,TP. Há»“ ChÃ­ Minh,Tráº¡ng thÃ¡i: CÃ²n hÃ ng,TP. Há»“ ChÃ­ Minh,Mua Thanh cua dÃ i 17.5cm tÃºi 500g á»Ÿ Ä‘Ã¢u?
Bá»™t NÃªm Tráº» Em Ãšc Chuáº©n Bill,ThÆ° House Shop HÃ ng Ãšc,TP. Há»“ ChÃ­ Minh,Tráº¡ng thÃ¡i: CÃ²n hÃ ng,TP. Há»“ ChÃ­ Minh,Mua Bá»™t NÃªm Tráº» Em Ãšc Chuáº©n Bill á»Ÿ Ä‘Ã¢u?
TÃ´m hÃ¹m viÃªn Lichuan gÃ³i 500g,minhbaofood,85.000 â‚«,Tráº¡ng thÃ¡i: CÃ²n hÃ ng,85.000 â‚«,Mua TÃ´m hÃ¹m viÃªn Lichuan gÃ³i 500g á»Ÿ Ä‘Ã¢u?
PHÃ” MAI Bá»˜T HÃ€N QUá»C GÃ“I 1KG,"BÃNH Gáº O HÃ€N QUá»C, TOKBOKKI HQ",TP. Há»“ ChÃ­ Minh,Tráº¡ng thÃ¡i: CÃ²n hÃ ng,TP. Há»“ ChÃ­ Minh,Mua PHÃ” MAI Bá»˜T HÃ€N QUá»C GÃ“I 1KG á»Ÿ Ä‘Ã¢u?
Com bo 3 há»§ máº¯m Huáº¿ 3 vá»‹ thÆ¡m ngon - Máº¯m rÃ² - Máº¯m ruá»‘c - máº¯m dÆ°a - Äáº·c sáº£n Huáº¿,Tuáº¥n Kiá»‡t store,110.000 â‚«,Tráº¡ng thÃ¡i: CÃ²n hÃ ng,110.000 â‚«,Mua Com bo 3 há»§ máº¯m Huáº¿ 3 vá»‹ thÆ¡m ngon - Máº¯m rÃ² - Máº¯m ruá»‘c - máº¯m dÆ°a - Äáº·c sáº£n Huáº¿ á»Ÿ Ä‘Ã¢u?
CÃ¡ ViÃªn NhÃ¢n Trá»©ng CÃ¡ NhÃ­m Rich Mama 240g,Tokbokki HÃ n Quá»‘c,TP. Há»“ ChÃ­ Minh,Tráº¡ng thÃ¡i: CÃ²n hÃ ng,TP. Há»“ ChÃ­ Minh,Mua CÃ¡ ViÃªn NhÃ¢n Trá»©ng CÃ¡ NhÃ­m Rich Mama 240g á»Ÿ Ä‘Ã¢u?
TrÃ  Hoa Äáº­u Biáº¿c KhÃ´ 100g VasEco Farm,Va'sEco Farm,TP. Há»“ ChÃ­ Minh,Tráº¡ng thÃ¡i: CÃ²n hÃ ng,TP. Há»“ ChÃ­ Minh,Mua TrÃ  Hoa Äáº­u Biáº¿c KhÃ´ 100g VasEco Farm á»Ÿ Ä‘Ã¢u?
NgÃ´ giÃ²n xÃ³c máº¯m cay MamaHue - Ä‚n lÃ  nghiá»n!,Bee Milk,42.000 â‚«,Tráº¡ng thÃ¡i: CÃ²n hÃ ng,42.000 â‚«,Mua NgÃ´ giÃ²n xÃ³c máº¯m cay MamaHue - Ä‚n lÃ  nghiá»n! á»Ÿ Ä‘Ã¢u?
Bá»˜T PHÃ” MAI HÃ€N QUá»C 1KG,"KhÃ´ gÃ  , rong biá»ƒn chÃ¡y tá»i...",TP. Há»“ ChÃ­ Minh,Tráº¡ng thÃ¡i: CÃ²n hÃ ng,TP. Há»“ ChÃ­ Minh,Mua Bá»˜T PHÃ” MAI HÃ€N QUá»C 1KG á»Ÿ Ä‘Ã¢u?
Máº¯m cÃ  Huáº¿ siÃªu giÃ²n 500gr,Äáº¶C Sáº¢N Cá» ÄÃ” HUáº¾ 1589504415,29.000 â‚«,Tráº¡ng thÃ¡i: CÃ²n hÃ ng,29.000 â‚«,Mua Máº¯m cÃ  Huáº¿ siÃªu giÃ²n 500gr á»Ÿ Ä‘Ã¢u?
CÃ Há»’NG PHÃˆN 1 Náº®NG 1kg,Food Mama,HÃ  Ná»™i,Tráº¡ng thÃ¡i: CÃ²n hÃ ng,HÃ  Ná»™i,Mua CÃ Há»’NG PHÃˆN 1 Náº®NG 1kg á»Ÿ Ä‘Ã¢u?
"Bá»™t Kem Sá»¯a NESTLE COFFEE MATE Original Dáº¡ng GÃ³i 3g Pha CÃ  PhÃª, TrÃ , Ca Cao, LÃ m Tháº¡ch, Kem, Sinh Tá»‘",HÃ ng Má»¹ (USA) - ShopDify,TP. Há»“ ChÃ­ Minh,Tráº¡ng thÃ¡i: CÃ²n hÃ ng,TP. Há»“ ChÃ­ Minh,"Mua Bá»™t Kem Sá»¯a NESTLE COFFEE MATE Original Dáº¡ng GÃ³i 3g Pha CÃ  PhÃª, TrÃ , Ca Cao, LÃ m Tháº¡ch, Kem, Sinh Tá»‘ á»Ÿ Ä‘Ã¢u?"
CÃ¡ thu 1 náº¯ng,BÃ¡ch hÃ³a tá»•ng há»£p - NhÃ  Náº«u QuÃ¡n,325.000 â‚«,Tráº¡ng thÃ¡i: CÃ²n hÃ ng,325.000 â‚«,Mua CÃ¡ thu 1 náº¯ng á»Ÿ Ä‘Ã¢u?
Bá»™t PhÃ´ Mai HÃ n Quá»‘c Sajang 250g,KHÃ” GÃ€ LÃ CHANH - NT MART,TP. Há»“ ChÃ­ Minh,Tráº¡ng thÃ¡i: CÃ²n hÃ ng,TP. Há»“ ChÃ­ Minh,Mua Bá»™t PhÃ´ Mai HÃ n Quá»‘c Sajang 250g á»Ÿ Ä‘Ã¢u?
Háº T DIÃŠM Máº CH (QUINOA) Háº T Sá»NG,THá»°C PHáº¨M Sáº CH Máº¸ RÃ” Sá» 1,100.000 â‚«,Tráº¡ng thÃ¡i: CÃ²n hÃ ng,100.000 â‚«,Mua Háº T DIÃŠM Máº CH (QUINOA) Háº T Sá»NG á»Ÿ Ä‘Ã¢u?
TÃ´m hÃ¹m viÃªn Lichuan 200g [ chá»‰ giao táº¡i tpHCM],stk_VinhDu,TP. Há»“ ChÃ­ Minh,Tráº¡ng thÃ¡i: CÃ²n hÃ ng,TP. Há»“ ChÃ­ Minh,Mua TÃ´m hÃ¹m viÃªn Lichuan 200g [ chá»‰ giao táº¡i tpHCM] á»Ÿ Ä‘Ã¢u?
Bá»™t phÃ´ mai HÃ n Quá»‘c truyá»n thá»‘ng gÃ³i 1KG,hashikomart,HÃ  Ná»™i,Tráº¡ng thÃ¡i: CÃ²n hÃ ng,HÃ  Ná»™i,Mua Bá»™t phÃ´ mai HÃ n Quá»‘c truyá»n thá»‘ng gÃ³i 1KG á»Ÿ Ä‘Ã¢u?
200gr cháº£ cÃ¡ sá»£i quy nhÆ¡n phÃºc minh thÆ¡m ngon bá»— dÆ°á»¡ng,Minhngocfood,23.000 â‚«,Tráº¡ng thÃ¡i: CÃ²n hÃ ng,23.000 â‚«,Mua 200gr cháº£ cÃ¡ sá»£i quy nhÆ¡n phÃºc minh thÆ¡m ngon bá»— dÆ°á»¡ng á»Ÿ Ä‘Ã¢u?
100g Bá»˜T PHÃ” MAI HÃ€N QUá»C LOáº I 1,RONG BIá»‚N CHÃY Tá»I AD,TP. Há»“ ChÃ­ Minh,Tráº¡ng thÃ¡i: CÃ²n hÃ ng,TP. Há»“ ChÃ­ Minh,Mua 100g Bá»˜T PHÃ” MAI HÃ€N QUá»C LOáº I 1 á»Ÿ Ä‘Ã¢u?
Sáº¥u GiÃ²n - Há»™p Nhá»,Shop Muá»‘i Ã” Mai BÃ  Thu,40.000 â‚«,Tráº¡ng thÃ¡i: CÃ²n hÃ ng,40.000 â‚«,Mua Sáº¥u GiÃ²n - Há»™p Nhá» á»Ÿ Ä‘Ã¢u?
TÃ´m hÃ¹m viÃªn EB 500g [chá»‰ giao khu vá»±c tphcm],stk_VinhDu,TP. Há»“ ChÃ­ Minh,Tráº¡ng thÃ¡i: CÃ²n hÃ ng,TP. Há»“ ChÃ­ Minh,Mua TÃ´m hÃ¹m viÃªn EB 500g [chá»‰ giao khu vá»±c tphcm] á»Ÿ Ä‘Ã¢u?
PhÃ´ mai mozzarella cháº£y lÃ m bÃ¡nh 500G[Chá»‰ Giao Táº¡i HÃ  Ná»™i],hashikomart,"Quáº­n Thanh XuÃ¢n, HÃ  Ná»™i",Tráº¡ng thÃ¡i: CÃ²n hÃ ng,"Quáº­n Thanh XuÃ¢n, HÃ  Ná»™i",Mua PhÃ´ mai mozzarella cháº£y lÃ m bÃ¡nh 500G[Chá»‰ Giao Táº¡i HÃ  Ná»™i] á»Ÿ Ä‘Ã¢u?
PhÃºc Bá»“n Tá»­ Äen - Blackberries 1kg,Healthy-food,TP. Há»“ ChÃ­ Minh,Tráº¡ng thÃ¡i: CÃ²n hÃ ng,TP. Há»“ ChÃ­ Minh,Mua PhÃºc Bá»“n Tá»­ Äen - Blackberries 1kg á»Ÿ Ä‘Ã¢u?
Bá»˜T PHÃ” MAI Láº®C HÃ€N QUá»C TÃšI ZIP 100GR,"BÃNH Gáº O HÃ€N QUá»C, TOKBOKKI HQ",TP. Há»“ ChÃ­ Minh,Tráº¡ng thÃ¡i: CÃ²n hÃ ng,TP. Há»“ ChÃ­ Minh,Mua Bá»˜T PHÃ” MAI Láº®C HÃ€N QUá»C TÃšI ZIP 100GR á»Ÿ Ä‘Ã¢u?
500g báº¯p rang,cheap clean food,40.000 â‚«,Tráº¡ng thÃ¡i: CÃ²n hÃ ng,40.000 â‚«,Mua 500g báº¯p rang á»Ÿ Ä‘Ã¢u?
ViÃªn Ä‘áº­u há»§ phÃ´ mai KICHI 500gr tháº£ láº©u,ViÃªn tháº£ láº©u Tinifoods,"Quáº­n Hai BÃ  TrÆ°ng, HÃ  Ná»™i",Tráº¡ng thÃ¡i: CÃ²n hÃ ng,"Quáº­n Hai BÃ  TrÆ°ng, HÃ  Ná»™i",Mua ViÃªn Ä‘áº­u há»§ phÃ´ mai KICHI 500gr tháº£ láº©u á»Ÿ Ä‘Ã¢u?
PhÃ´ mai dÃ¢y hun khÃ³i Nga phomai SOLSE sá»£i que bÃ­m tÃ³c,BÃ‰ FOOD,HÃ  Ná»™i,Tráº¡ng thÃ¡i: CÃ²n hÃ ng,HÃ  Ná»™i,Mua PhÃ´ mai dÃ¢y hun khÃ³i Nga phomai SOLSE sá»£i que bÃ­m tÃ³c á»Ÿ Ä‘Ã¢u?
"BÆ¡ 034, BÆ¡ Booth-Ä‘áº·c sáº£n ÄÃ  Láº¡t-LÃ¢m Äá»“ng nhÃ  trá»“ng khÃ´ng thuá»‘c, vÃ ng bÃ©o báº¥t cháº¥p size",Son Store Natural,LÃ¢m Äá»“ng,Tráº¡ng thÃ¡i: CÃ²n hÃ ng,LÃ¢m Äá»“ng,"Mua BÆ¡ 034, BÆ¡ Booth-Ä‘áº·c sáº£n ÄÃ  Láº¡t-LÃ¢m Äá»“ng nhÃ  trá»“ng khÃ´ng thuá»‘c, vÃ ng bÃ©o báº¥t cháº¥p size á»Ÿ Ä‘Ã¢u?"
"Bá»™t phÃ´ mai HÃ n Quá»‘c Bok Food láº¯c bÃ¡nh gáº¡o, khoai tÃ¢y, gÃ  rÃ¡n ( GÃ³i 150g, 300g, 500g )",bokmart.vn,HÃ  Ná»™i,Tráº¡ng thÃ¡i: CÃ²n hÃ ng,HÃ  Ná»™i,"Mua Bá»™t phÃ´ mai HÃ n Quá»‘c Bok Food láº¯c bÃ¡nh gáº¡o, khoai tÃ¢y, gÃ  rÃ¡n ( GÃ³i 150g, 300g, 500g ) á»Ÿ Ä‘Ã¢u?"
TÆ°Æ¡ng á»›t ngon cay 250gr lá»‘c 12 chai,home shopping 24h,140.000 â‚«,Tráº¡ng thÃ¡i: CÃ²n hÃ ng,140.000 â‚«,Mua TÆ°Æ¡ng á»›t ngon cay 250gr lá»‘c 12 chai á»Ÿ Ä‘Ã¢u?
CÃ¡ viÃªn 500g,Frozen.Mart,TP. Há»“ ChÃ­ Minh,Tráº¡ng thÃ¡i: CÃ²n hÃ ng,TP. Há»“ ChÃ­ Minh,Mua CÃ¡ viÃªn 500g á»Ÿ Ä‘Ã¢u?
BÃ¡nh TrÃ¡ng Trá»™n | Hana Chip,Hana Chip,Äá»“ng Nai,Tráº¡ng thÃ¡i: CÃ²n hÃ ng,Äá»“ng Nai,Mua BÃ¡nh TrÃ¡ng Trá»™n | Hana Chip á»Ÿ Ä‘Ã¢u?
Sáº§u riÃªng cÆ¡m Báº¿n Tre (1kg),huong9900,HÃ  Ná»™i,Tráº¡ng thÃ¡i: CÃ²n hÃ ng,HÃ  Ná»™i,Mua Sáº§u riÃªng cÆ¡m Báº¿n Tre (1kg) á»Ÿ Ä‘Ã¢u?
"PHOMAI MOZZARELLA BÃ€O ÃšC KIWI FOOD (ship há»a tá»‘c, chá»‰ giao táº¡i HÃ  Ná»™i)",benkidsiucon,HÃ  Ná»™i,Tráº¡ng thÃ¡i: CÃ²n hÃ ng,HÃ  Ná»™i,"Mua PHOMAI MOZZARELLA BÃ€O ÃšC KIWI FOOD (ship há»a tá»‘c, chá»‰ giao táº¡i HÃ  Ná»™i) á»Ÿ Ä‘Ã¢u?"
"máº¯m dÆ°a, cÃ , 2 hÅ© to 1kg sáº£n Xá»© Huáº¿",Yáº¿n Nhi _Máº¡nh QuÃ¢n,100.000 â‚«,Tráº¡ng thÃ¡i: CÃ²n hÃ ng,100.000 â‚«,"Mua máº¯m dÆ°a, cÃ , 2 hÅ© to 1kg sáº£n Xá»© Huáº¿ á»Ÿ Ä‘Ã¢u?"
Cá»‘m há»“ng sá»‘t mayonaise Ã”ngon 500g,Frozen.Mart,TP. Há»“ ChÃ­ Minh,Tráº¡ng thÃ¡i: CÃ²n hÃ ng,TP. Há»“ ChÃ­ Minh,Mua Cá»‘m há»“ng sá»‘t mayonaise Ã”ngon 500g á»Ÿ Ä‘Ã¢u?
"Bá»™t Cáº§n TÃ¢y Sáº¥y Láº¡nh Natufarm 100GR [ SIÃŠU Má»ŠN ] - 100% organic giÃºp giáº£m cÃ¢n, thanh lá»c vÃ  detox",TheNaturfarm.Official,TP. Há»“ ChÃ­ Minh,Tráº¡ng thÃ¡i: CÃ²n hÃ ng,TP. Há»“ ChÃ­ Minh,"Mua Bá»™t Cáº§n TÃ¢y Sáº¥y Láº¡nh Natufarm 100GR [ SIÃŠU Má»ŠN ] - 100% organic giÃºp giáº£m cÃ¢n, thanh lá»c vÃ  detox á»Ÿ Ä‘Ã¢u?"
Chanh vÃ ng Má»¹ 1kg (nháº­p kháº©u),hoahong0990,TP. Há»“ ChÃ­ Minh,Tráº¡ng thÃ¡i: CÃ²n hÃ ng,TP. Há»“ ChÃ­ Minh,Mua Chanh vÃ ng Má»¹ 1kg (nháº­p kháº©u) á»Ÿ Ä‘Ã¢u?
200G Bá»˜T PHÃ” MAI HÃ€N QUá»C LOáº I NGON,BÃNH Gáº O TOKBOKKI,TP. Há»“ ChÃ­ Minh,Tráº¡ng thÃ¡i: CÃ²n hÃ ng,TP. Há»“ ChÃ­ Minh,Mua 200G Bá»˜T PHÃ” MAI HÃ€N QUá»C LOáº I NGON á»Ÿ Ä‘Ã¢u?
DÆ°a chuá»™t muá»‘i NK Nga 480g,Russian Luxury Store,90.000 â‚«,Tráº¡ng thÃ¡i: CÃ²n hÃ ng,90.000 â‚«,Mua DÆ°a chuá»™t muá»‘i NK Nga 480g á»Ÿ Ä‘Ã¢u?
1KG CHáº¢ Má»°C XOáº®N HÃ€NG VIá»†T NAM,DTFoods (Sá»ˆ Láºº GIÃ Tá»T),HÃ  Ná»™i,Tráº¡ng thÃ¡i: CÃ²n hÃ ng,HÃ  Ná»™i,Mua 1KG CHáº¢ Má»°C XOáº®N HÃ€NG VIá»†T NAM á»Ÿ Ä‘Ã¢u?
BÃ¡n sá»‰ 1Kg Tháº¡ch dá»«a loáº¡i 15Ly Ã©p thÃ´ (khÃ´) táº·ng hÆ°Æ¡ng dá»«a,BÃ¡ch hoÃ¡ sá»‰ láº» BÃ­ch LiÃªn DÆ°Æ¡ng,TP. Há»“ ChÃ­ Minh,Tráº¡ng thÃ¡i: CÃ²n hÃ ng,TP. Há»“ ChÃ­ Minh,Mua BÃ¡n sá»‰ 1Kg Tháº¡ch dá»«a loáº¡i 15Ly Ã©p thÃ´ (khÃ´) táº·ng hÆ°Æ¡ng dá»«a á»Ÿ Ä‘Ã¢u?
Dá»«a SÃ¡p Ä‘áº·c 700g Cáº§u KÃ¨ TV,Dá»«a SÃ¡p LyLy Sá»‰ Láº» Cáº§u KÃ¨,TrÃ  Vinh,Tráº¡ng thÃ¡i: CÃ²n hÃ ng,TrÃ  Vinh,Mua Dá»«a SÃ¡p Ä‘áº·c 700g Cáº§u KÃ¨ TV á»Ÿ Ä‘Ã¢u?
PhÃ´ Mai BÃ o Sá»£i Mozzarella lÃ m bÃ¡nh Pizza 100G,hashikomart,HÃ  Ná»™i,Tráº¡ng thÃ¡i: CÃ²n hÃ ng,HÃ  Ná»™i,Mua PhÃ´ Mai BÃ o Sá»£i Mozzarella lÃ m bÃ¡nh Pizza 100G á»Ÿ Ä‘Ã¢u?
ThÃ¹ng 24 Chai NÆ°á»›c Máº¯m Äáº­u NÃ nh Tiá»ƒu Thiá»n SÆ° (Chay Máº·n Äá»u DÃ¹ng ÄÆ°á»£c) Natural Fermented Soy Sauce 300 ML x24,Táº¡p HÃ³a Poppy,432.000 â‚«,Tráº¡ng thÃ¡i: CÃ²n hÃ ng,432.000 â‚«,Mua ThÃ¹ng 24 Chai NÆ°á»›c Máº¯m Äáº­u NÃ nh Tiá»ƒu Thiá»n SÆ° (Chay Máº·n Äá»u DÃ¹ng ÄÆ°á»£c) Natural Fermented Soy Sauce 300 ML x24 á»Ÿ Ä‘Ã¢u?
Cháº£ cÃ¡ HÃ n Quá»‘c 450gr,ViÃªn tháº£ láº©u Tinifoods,HÃ  Ná»™i,Tráº¡ng thÃ¡i: CÃ²n hÃ ng,HÃ  Ná»™i,Mua Cháº£ cÃ¡ HÃ n Quá»‘c 450gr á»Ÿ Ä‘Ã¢u?
BÃ¡nh trÃ¡ng Äáº¡i Lá»™c 500g,trang101085,HÃ  Ná»™i,Tráº¡ng thÃ¡i: CÃ²n hÃ ng,HÃ  Ná»™i,Mua BÃ¡nh trÃ¡ng Äáº¡i Lá»™c 500g á»Ÿ Ä‘Ã¢u?
TÃ¡o Äá» HÃ n Quá»‘c Há»™p 1kg Chuáº©n Táº·ng QuÃ ,Háº¡t chia yáº¿n máº¡ch Ãºc má»¹,TP. Há»“ ChÃ­ Minh,Tráº¡ng thÃ¡i: CÃ²n hÃ ng,TP. Há»“ ChÃ­ Minh,Mua TÃ¡o Äá» HÃ n Quá»‘c Há»™p 1kg Chuáº©n Táº·ng QuÃ  á»Ÿ Ä‘Ã¢u?
100G Bá»˜T PHÃ” MAI HÃ€N QUá»C,BÃNH Gáº O TOKBOKKI,TP. Há»“ ChÃ­ Minh,Tráº¡ng thÃ¡i: CÃ²n hÃ ng,TP. Há»“ ChÃ­ Minh,Mua 100G Bá»˜T PHÃ” MAI HÃ€N QUá»C á»Ÿ Ä‘Ã¢u?
TÆ°Æ¡ng á»›t HÃ n Quá»‘c náº¥u bÃ¡nh gáº¡o Gochujang há»™p 1kg sáº£n pháº©m tá»‘t cháº¥t lÆ°á»£ng cao cam káº¿t nhÆ° hÃ¬nh an toÃ n cho sá»©c khá»e ngÆ°á»i sá»­ dá»¥ng,Hashiko Mart,240.000 â‚«,Tráº¡ng thÃ¡i: CÃ²n hÃ ng,240.000 â‚«,Mua TÆ°Æ¡ng á»›t HÃ n Quá»‘c náº¥u bÃ¡nh gáº¡o Gochujang há»™p 1kg sáº£n pháº©m tá»‘t cháº¥t lÆ°á»£ng cao cam káº¿t nhÆ° hÃ¬nh an toÃ n cho sá»©c khá»e ngÆ°á»i sá»­ dá»¥ng á»Ÿ Ä‘Ã¢u?
Khoai TÃ¢y ChiÃªn Marquise Fries 1kg Size To | Nháº­p Kháº©u Bá»‰ | Giao SiÃªu Tá»‘c HCM,BÃ² Má»¹ Háº£i Sáº£n | Anh Äáº§u Trá»c,"Quáº­n PhÃº Nhuáº­n, TP. Há»“ ChÃ­ Minh",Tráº¡ng thÃ¡i: CÃ²n hÃ ng,"Quáº­n PhÃº Nhuáº­n, TP. Há»“ ChÃ­ Minh",Mua Khoai TÃ¢y ChiÃªn Marquise Fries 1kg Size To | Nháº­p Kháº©u Bá»‰ | Giao SiÃªu Tá»‘c HCM á»Ÿ Ä‘Ã¢u?
Máº¯m nÃªm DÃ¬ Cáº©n 500ml Loáº¡i Chai Äáº·c Biá»‡t Äáº·c Sáº£n ÄÃ  Náºµng,Äáº·c sáº£n ÄÃ€ Náº´NG - CÆ¡ sá»Ÿ HÃ  Ná»™i,HÃ  Ná»™i,Tráº¡ng thÃ¡i: CÃ²n hÃ ng,HÃ  Ná»™i,Mua Máº¯m nÃªm DÃ¬ Cáº©n 500ml Loáº¡i Chai Äáº·c Biá»‡t Äáº·c Sáº£n ÄÃ  Náºµng á»Ÿ Ä‘Ã¢u?
TÃ¡o Fuji Nam Phi (TÃºi 3kg) - HÃ ng má»›i,Freshfood-Thá»±c Pháº©m Sáº¡ch,TP. Há»“ ChÃ­ Minh,Tráº¡ng thÃ¡i: CÃ²n hÃ ng,TP. Há»“ ChÃ­ Minh,Mua TÃ¡o Fuji Nam Phi (TÃºi 3kg) - HÃ ng má»›i á»Ÿ Ä‘Ã¢u?
100GR Bá»˜T PHÃ” MAI HÃ€N QUÃ”C,KHÃ” GÃ€ LÃ CHANH - NT MART,TP. Há»“ ChÃ­ Minh,Tráº¡ng thÃ¡i: CÃ²n hÃ ng,TP. Há»“ ChÃ­ Minh,Mua 100GR Bá»˜T PHÃ” MAI HÃ€N QUÃ”C á»Ÿ Ä‘Ã¢u?
Giáº¥m cáº¥t tá»« ngÅ© cá»‘c Mizkan 1.8l,ThÃºy Nguyá»…n shop,211.000 â‚«,Tráº¡ng thÃ¡i: CÃ²n hÃ ng,211.000 â‚«,Mua Giáº¥m cáº¥t tá»« ngÅ© cá»‘c Mizkan 1.8l á»Ÿ Ä‘Ã¢u?
cháº£ cÃ¡ nha trang (giao nhanh HCM),Tiá»‡mÄ‘á»“Äƒn cÃ´ Ngá»c,TP. Há»“ ChÃ­ Minh,Tráº¡ng thÃ¡i: CÃ²n hÃ ng,TP. Há»“ ChÃ­ Minh,Mua cháº£ cÃ¡ nha trang (giao nhanh HCM) á»Ÿ Ä‘Ã¢u?
CÆ M RANG (Cá»M RANG) Äáº¶C Sáº¢N QUáº¢NG NGÃƒI,Äáº¶C Sáº¢N VÃ™NG MIá»€N Äáº I PHÃT,TP. Há»“ ChÃ­ Minh,Tráº¡ng thÃ¡i: CÃ²n hÃ ng,TP. Há»“ ChÃ­ Minh,Mua CÆ M RANG (Cá»M RANG) Äáº¶C Sáº¢N QUáº¢NG NGÃƒI á»Ÿ Ä‘Ã¢u?
1kg MÃ¢y thÃ¡i chua ngá»t Äáº¶C Sáº¢N THÃI hÃ ng nháº­p [CHá»ˆ GIAO TPHCM],Äáº·c sáº£n vÃ¹ng miá»n Minh TÃ¢m,TP. Há»“ ChÃ­ Minh,Tráº¡ng thÃ¡i: CÃ²n hÃ ng,TP. Há»“ ChÃ­ Minh,Mua 1kg MÃ¢y thÃ¡i chua ngá»t Äáº¶C Sáº¢N THÃI hÃ ng nháº­p [CHá»ˆ GIAO TPHCM] á»Ÿ Ä‘Ã¢u?
PhÃ´ mai dÃ¢y hun khÃ³i Solse - PhÃ´ mai sá»£i xÃ´ng khÃ³i - Russian smoked string cheese (sáº£n xuáº¥t theo cÃ´ng nghá»‡ Nga),OrganicFoods162,TP. Há»“ ChÃ­ Minh,Tráº¡ng thÃ¡i: CÃ²n hÃ ng,TP. Há»“ ChÃ­ Minh,Mua PhÃ´ mai dÃ¢y hun khÃ³i Solse - PhÃ´ mai sá»£i xÃ´ng khÃ³i - Russian smoked string cheese (sáº£n xuáº¥t theo cÃ´ng nghá»‡ Nga) á»Ÿ Ä‘Ã¢u?
Xá»‘t Okonomi Otafuku 2.1kg,ThÃºy Nguyá»…n shop,379.000 â‚«,Tráº¡ng thÃ¡i: CÃ²n hÃ ng,379.000 â‚«,Mua Xá»‘t Okonomi Otafuku 2.1kg á»Ÿ Ä‘Ã¢u?
Set tháº£ láº©u mix vá»‹,An BÃ¬nh Foods,HÃ  Ná»™i,Tráº¡ng thÃ¡i: CÃ²n hÃ ng,HÃ  Ná»™i,Mua Set tháº£ láº©u mix vá»‹ á»Ÿ Ä‘Ã¢u?
Máº¯m tÃ©p Ba LÃ ng Thanh HÃ³a 300g loáº¡i Ä‘áº·c biá»‡t (1 chai),Triá»u BÃ¹i HYPNOTIC,HÃ  Ná»™i,Tráº¡ng thÃ¡i: Äang cáº­p nháº­t,HÃ  Ná»™i,Mua Máº¯m tÃ©p Ba LÃ ng Thanh HÃ³a 300g loáº¡i Ä‘áº·c biá»‡t (1 chai) á»Ÿ Ä‘Ã¢u?
Ship hoa toc - Nho Ä‘en Nháº­p kháº©u Má»¹,KEN FRUIT,TP. Há»“ ChÃ­ Minh,Tráº¡ng thÃ¡i: CÃ²n hÃ ng,TP. Há»“ ChÃ­ Minh,Mua Ship hoa toc - Nho Ä‘en Nháº­p kháº©u Má»¹ á»Ÿ Ä‘Ã¢u?
Bá»™t PhÃ´ Mai 85g ( GÃ³i ),Gia Vá»‹ Tuáº¥n PhÆ°Æ¡ng,HÃ  Ná»™i,Tráº¡ng thÃ¡i: CÃ²n hÃ ng,HÃ  Ná»™i,Mua Bá»™t PhÃ´ Mai 85g ( GÃ³i ) á»Ÿ Ä‘Ã¢u?
Daesang TÆ°Æ¡ng á»›t cay ngá»t chai 300g - Nháº­p Kháº©u HÃ n Quá»‘c,dovumart,55.000 â‚«,Tráº¡ng thÃ¡i: CÃ²n hÃ ng,55.000 â‚«,Mua Daesang TÆ°Æ¡ng á»›t cay ngá»t chai 300g - Nháº­p Kháº©u HÃ n Quá»‘c á»Ÿ Ä‘Ã¢u?
NEM CUA Bá»‚ Äáº¶C Sáº¢N Háº¢I PHÃ’NG KHAY 9c,DTFoods (Sá»ˆ Láºº GIÃ Tá»T),HÃ  Ná»™i,Tráº¡ng thÃ¡i: CÃ²n hÃ ng,HÃ  Ná»™i,Mua NEM CUA Bá»‚ Äáº¶C Sáº¢N Háº¢I PHÃ’NG KHAY 9c á»Ÿ Ä‘Ã¢u?
BÃ¡nh dá»«a nÆ°á»›ng Quá»³nh TrÃ¢n Ä‘áº·c sáº£n Quáº£ng Nam,Shop Äƒn váº·t Máº¹ Gold,HÃ  Ná»™i,Tráº¡ng thÃ¡i: CÃ²n hÃ ng,HÃ  Ná»™i,Mua BÃ¡nh dá»«a nÆ°á»›ng Quá»³nh TrÃ¢n Ä‘áº·c sáº£n Quáº£ng Nam á»Ÿ Ä‘Ã¢u?
Viá»‡t Quáº¥t TÆ°Æ¡i Firestone - Blueberries,Imex VN,TP. Há»“ ChÃ­ Minh,Tráº¡ng thÃ¡i: CÃ²n hÃ ng,TP. Há»“ ChÃ­ Minh,Mua Viá»‡t Quáº¥t TÆ°Æ¡i Firestone - Blueberries á»Ÿ Ä‘Ã¢u?
PhÃ´ mai mozzarella bÃ o sá»£i (ship á»Ÿ tphcm vÃ  vÅ©ng tÃ u),ShopCuaAn,TP. Há»“ ChÃ­ Minh,Tráº¡ng thÃ¡i: CÃ²n hÃ ng,TP. Há»“ ChÃ­ Minh,Mua PhÃ´ mai mozzarella bÃ o sá»£i (ship á»Ÿ tphcm vÃ  vÅ©ng tÃ u) á»Ÿ Ä‘Ã¢u?
Dáº§u Oliu Extra Virgin Hiá»‡u Latino Bella (500 Ml),Thá»±c pháº©m nháº­p kháº©u.,229.450 â‚«,Tráº¡ng thÃ¡i: CÃ²n hÃ ng,229.450 â‚«,Mua Dáº§u Oliu Extra Virgin Hiá»‡u Latino Bella (500 Ml) á»Ÿ Ä‘Ã¢u?
Phomai mozzarella bÃ o 200g (chá»‰ giao ná»™i thÃ nh HN) mix phÃ´ mai cheddar bÃ o,PETER CAT - Cá»­a HÃ ng Thá»±c Pháº©m,HÃ  Ná»™i,Tráº¡ng thÃ¡i: CÃ²n hÃ ng,HÃ  Ná»™i,Mua Phomai mozzarella bÃ o 200g (chá»‰ giao ná»™i thÃ nh HN) mix phÃ´ mai cheddar bÃ o á»Ÿ Ä‘Ã¢u?
Vá» BÆ¯á»I CHANH MUá»I | NGON Láº  ÄÃ€ Láº T,Ngon Láº¡ ÄÃ  Láº¡t,LÃ¢m Äá»“ng,Tráº¡ng thÃ¡i: CÃ²n hÃ ng,LÃ¢m Äá»“ng,Mua Vá» BÆ¯á»I CHANH MUá»I | NGON Láº  ÄÃ€ Láº T á»Ÿ Ä‘Ã¢u?
Viá»‡t quáº¥t vá» hÃ ng 125g,KEN FRUIT,TP. Há»“ ChÃ­ Minh,Tráº¡ng thÃ¡i: CÃ²n hÃ ng,TP. Há»“ ChÃ­ Minh,Mua Viá»‡t quáº¥t vá» hÃ ng 125g á»Ÿ Ä‘Ã¢u?
250g Bá»™t phÃ´mai Láº¯c HÃ n Quá»‘c Láº¯c BÃ¡nh Gáº¡o Khoai TÃ¢y BAO BÃŒ Má»šI,FREDDOVIETNAM,HÃ  Ná»™i,Tráº¡ng thÃ¡i: CÃ²n hÃ ng,HÃ  Ná»™i,Mua 250g Bá»™t phÃ´mai Láº¯c HÃ n Quá»‘c Láº¯c BÃ¡nh Gáº¡o Khoai TÃ¢y BAO BÃŒ Má»šI á»Ÿ Ä‘Ã¢u?
BÃ¡nh Cream-O cá»§a ThÃ¡i Lan 432g( date má»›i) - Äá»,thuy 1580390796,35.000 â‚«,Tráº¡ng thÃ¡i: CÃ²n hÃ ng,35.000 â‚«,Mua BÃ¡nh Cream-O cá»§a ThÃ¡i Lan 432g( date má»›i) - Äá» á»Ÿ Ä‘Ã¢u?
ViÃªn háº£i sáº£n sá»‘t mayonnaise Ã” Ngon viÃªn háº£i sáº£n sá»‘t phÃ´ mai kem máº·n 500g,An BÃ¬nh Foods,HÃ  Ná»™i,Tráº¡ng thÃ¡i: CÃ²n hÃ ng,HÃ  Ná»™i,Mua ViÃªn háº£i sáº£n sá»‘t mayonnaise Ã” Ngon viÃªn háº£i sáº£n sá»‘t phÃ´ mai kem máº·n 500g á»Ÿ Ä‘Ã¢u?
"Say nhung láº¯c muá»‘i á»›t, say nhung rim Ä‘Æ°á»ng chua ngá»t NHII FOOD thá»±c pháº©m sáº¡ch nhÃ  lÃ m hÅ© 300GR",Nhii Food - Tiá»‡m TrÃ¡i CÃ¢y Rá»«ng,TP. Há»“ ChÃ­ Minh,Tráº¡ng thÃ¡i: CÃ²n hÃ ng,TP. Há»“ ChÃ­ Minh,"Mua Say nhung láº¯c muá»‘i á»›t, say nhung rim Ä‘Æ°á»ng chua ngá»t NHII FOOD thá»±c pháº©m sáº¡ch nhÃ  lÃ m hÅ© 300GR á»Ÿ Ä‘Ã¢u?"
1KG CÃ€ NA THÃI Äáº¬P Dáº¬P - NGÃ€O ÄÆ¯á»œNG - NGÃ‚M KHÃ”ng CHÃT Ä‚N Váº¶T BÃ€ GIÃ€ STORE,yennhi961220,TP. Há»“ ChÃ­ Minh,Tráº¡ng thÃ¡i: CÃ²n hÃ ng,TP. Há»“ ChÃ­ Minh,Mua 1KG CÃ€ NA THÃI Äáº¬P Dáº¬P - NGÃ€O ÄÆ¯á»œNG - NGÃ‚M KHÃ”ng CHÃT Ä‚N Váº¶T BÃ€ GIÃ€ STORE á»Ÿ Ä‘Ã¢u?
PhÃ´ mai cream cheese Anchor 200gam,danashopsaigon,TP. Há»“ ChÃ­ Minh,Tráº¡ng thÃ¡i: CÃ²n hÃ ng,TP. Há»“ ChÃ­ Minh,Mua PhÃ´ mai cream cheese Anchor 200gam á»Ÿ Ä‘Ã¢u?
Bá»™t gáº¡o nguyÃªn cháº¥t 100% lÃ m bÃ¡nh bÃ¨o gÃ³i 400gr,Äáº¶C Sáº¢N Cá» ÄÃ” HUáº¾ 1589504415,19.000 â‚«,Tráº¡ng thÃ¡i: CÃ²n hÃ ng,19.000 â‚«,Mua Bá»™t gáº¡o nguyÃªn cháº¥t 100% lÃ m bÃ¡nh bÃ¨o gÃ³i 400gr á»Ÿ Ä‘Ã¢u?
CÃ¡ viÃªn sá»‘t mayonnaise Äá»©c Thuáº­n 500g 35v,KimFood1,TP. Há»“ ChÃ­ Minh,Tráº¡ng thÃ¡i: CÃ²n hÃ ng,TP. Há»“ ChÃ­ Minh,Mua CÃ¡ viÃªn sá»‘t mayonnaise Äá»©c Thuáº­n 500g 35v á»Ÿ Ä‘Ã¢u?
GiÃ¡ sá»‰ 3Kg Tháº¡ch dá»«a Ã©p thÃ´ size 15 ly(khÃ´) táº·ng hÆ°Æ¡ng dá»«a,BÃ¡ch hoÃ¡ sá»‰ láº» BÃ­ch LiÃªn DÆ°Æ¡ng,TP. Há»“ ChÃ­ Minh,Tráº¡ng thÃ¡i: CÃ²n hÃ ng,TP. Há»“ ChÃ­ Minh,Mua GiÃ¡ sá»‰ 3Kg Tháº¡ch dá»«a Ã©p thÃ´ size 15 ly(khÃ´) táº·ng hÆ°Æ¡ng dá»«a á»Ÿ Ä‘Ã¢u?
TÃ¡o tÃºi Nam Phi Bá»‹ch 3kg,KEN FRUIT,TP. Há»“ ChÃ­ Minh,Tráº¡ng thÃ¡i: CÃ²n hÃ ng,TP. Há»“ ChÃ­ Minh,Mua TÃ¡o tÃºi Nam Phi Bá»‹ch 3kg á»Ÿ Ä‘Ã¢u?
Bá»™t phÃ´ mai HÃ n Quá»‘c truyá»n thá»‘ng gÃ³i 100G,hashikomart,HÃ  Ná»™i,Tráº¡ng thÃ¡i: CÃ²n hÃ ng,HÃ  Ná»™i,Mua Bá»™t phÃ´ mai HÃ n Quá»‘c truyá»n thá»‘ng gÃ³i 100G á»Ÿ Ä‘Ã¢u?
Cao Láº¡c TiÃªn Há»™p 200gr,Äáº·c Sáº£n Äiá»‡n BiÃªn 1589649748,45.000 â‚«,Tráº¡ng thÃ¡i: CÃ²n hÃ ng,45.000 â‚«,Mua Cao Láº¡c TiÃªn Há»™p 200gr á»Ÿ Ä‘Ã¢u?
1KG ( 5-6 CON ) KHÃ” CÃ LÃ“C Äá»’NG LOáº I Lá»šN,xe Ä‘áº¡p vÃ  Ä‘áº·c sáº£n miá»n tÃ¢y,Äá»“ng ThÃ¡p,Tráº¡ng thÃ¡i: CÃ²n hÃ ng,Äá»“ng ThÃ¡p,Mua 1KG ( 5-6 CON ) KHÃ” CÃ LÃ“C Äá»’NG LOáº I Lá»šN á»Ÿ Ä‘Ã¢u?
"KhÃ´ bÃ² miáº¿ng má»m thÆ°á»£ng háº¡ng, Äá»“ Äƒn váº·t SÃ i GÃ²n",Ä‚n Váº·t Ghiá»n,TP. Há»“ ChÃ­ Minh,Tráº¡ng thÃ¡i: Äang cáº­p nháº­t,TP. Há»“ ChÃ­ Minh,"Mua KhÃ´ bÃ² miáº¿ng má»m thÆ°á»£ng háº¡ng, Äá»“ Äƒn váº·t SÃ i GÃ²n á»Ÿ Ä‘Ã¢u?"
Chanh vÃ ng Má»¹ 500g (nháº­p kháº©u),hoahong0990,"Quáº­n BÃ¬nh Tháº¡nh, TP. Há»“ ChÃ­ Minh",Tráº¡ng thÃ¡i: CÃ²n hÃ ng,"Quáº­n BÃ¬nh Tháº¡nh, TP. Há»“ ChÃ­ Minh",Mua Chanh vÃ ng Má»¹ 500g (nháº­p kháº©u) á»Ÿ Ä‘Ã¢u?
Bá»™t phomai/ phÃ´ mai láº¯c HÃ n Quá»‘c 100g (MS 338),huyendu2712 - Dá»¥ng cá»¥ lÃ m bÃ¡nh,HÃ  Ná»™i,Tráº¡ng thÃ¡i: CÃ²n hÃ ng,HÃ  Ná»™i,Mua Bá»™t phomai/ phÃ´ mai láº¯c HÃ n Quá»‘c 100g (MS 338) á»Ÿ Ä‘Ã¢u?
Náº¤M HÆ¯Æ NG Rá»ªNG(1kg),Thuytiendb,260.000 â‚«,Tráº¡ng thÃ¡i: CÃ²n hÃ ng,260.000 â‚«,Mua Náº¤M HÆ¯Æ NG Rá»ªNG(1kg) á»Ÿ Ä‘Ã¢u?
